|Thu Dec 11 16:51:15 +0000 2014|;|0|;|AT_USER qnd vc toma coca cola vc n arrota eu arroto e mtt kk|
|Thu Dec 11 16:51:09 +0000 2014|;|0|;|coca cola j√° treme com o sucesso do guaraviton hahsuahauaa üòÇ ffc sempree|
|Thu Dec 11 16:51:05 +0000 2014|;|0|;|se eu nunca mais receber presentes de natal e souber que sempre terei sua amizadeisso valer√° por todos os natais - URL|
|Thu Dec 11 16:50:28 +0000 2014|;|0|;|at√© os grandes trope√ßam case da coca cola mostra a import√¢ncia da defini√ß√£o do p√∫blico alvo URL via AT_USER|
|Thu Dec 11 16:50:13 +0000 2014|;|0|;|AT_USER kk voc√™s s√£o muito incoerentes quem √© a coca cola pra citar atividade f√≠sica|
|Thu Dec 11 16:49:58 +0000 2014|;|2|;|rt AT_USER ola eu quero uma coca cola sem picles por favor anotadoaqui esta seu picles|
|Thu Dec 11 16:48:49 +0000 2014|;|0|;|AT_USER te amo te amo te amo mas voc√™ n√£o me da bola vou me afogar num copinho de coca cola|
|Thu Dec 11 16:48:35 +0000 2014|;|0|;|amoo a pretinhaa  coca-cola  üç∑üç∑|
|Thu Dec 11 16:48:31 +0000 2014|;|0|;|se n√≥s tratassemos as pessoas como elas merecem o mundo seria um lugar melhor sem pessoas que se a acham coca cola mas s√£o toddy|
|Thu Dec 11 16:48:30 +0000 2014|;|0|;|coca cola postando foto do nx zero assim fica dif√≠cil n√£o querer tomar coca|
|Thu Dec 11 16:47:57 +0000 2014|;|2|;|ola eu quero uma coca cola sem picles por favor anotadoaqui esta seu picles|
|Thu Dec 11 16:47:37 +0000 2014|;|0|;|que vontade de comer uma bomba com um copo de coca-cola bem gelado|
|Thu Dec 11 16:47:27 +0000 2014|;|2|;|rt AT_USER socorro felipe dylon no video show ate cuspi minha coca cola|
|Thu Dec 11 16:46:53 +0000 2014|;|104|;|rt AT_USER incrivel veja o efeito da coca cola em seu orgasnismo URL URL|
|Thu Dec 11 16:45:48 +0000 2014|;|65|;|rt AT_USER cd novo em clima de praia e outras cositas m√°s com os caras do AT_USER cola na nossa URL http‚Ä¶|
|Thu Dec 11 16:45:26 +0000 2014|;|0|;|AT_USER pode ser mas n√£o acho ele essa coca-cola toda que muitos falam e caro tb|
|Thu Dec 11 16:44:58 +0000 2014|;|0|;|uma coca-cola agora cairia muito bem|
|Thu Dec 11 16:44:48 +0000 2014|;|0|;|a cara de dudu pra garrafa de coca cola √© a melhor|
|Thu Dec 11 16:44:09 +0000 2014|;|0|;|falta 1real pra comprar uma coca cola vou convidar a pamela ai ela vai trazer kk|
|Thu Dec 11 16:43:09 +0000 2014|;|0|;|vou tomar litros e litros de coca-cola e ir dormir pq n aguento mais|
|Thu Dec 11 16:43:06 +0000 2014|;|0|;|sou mt viciada em coca cola preciso de tratamento|
|Thu Dec 11 16:43:01 +0000 2014|;|0|;|a coca cola ama falar comigo|
|Thu Dec 11 16:42:40 +0000 2014|;|0|;|uma delicia meu almo√ßo  com uma deliciosa coca cola  bom almo√ßo para todos  boa tarde  ) URL|
|Thu Dec 11 16:42:32 +0000 2014|;|0|;|agr estou comendo batata frita sandu√≠che natural e um belo copo de coca-cola üçüüçî|
|Thu Dec 11 16:42:30 +0000 2014|;|0|;|coca cola esse ano nem fez propaganda pro natal|
|Thu Dec 11 16:42:13 +0000 2014|;|0|;|queria comer um hamb√∫rguer bem gigante cheio de gordura e umas batata frita com queijo cheddar e bacon e uma coca cola bem grande|
|Thu Dec 11 16:41:34 +0000 2014|;|0|;|AT_USER n√£o √© saudades colecionar at√© mais do que as garrafinhas de coca-cola|
|Thu Dec 11 16:39:21 +0000 2014|;|0|;|coca cola parecendo minha mae|
|Thu Dec 11 16:37:54 +0000 2014|;|0|;|galera a dropps ta com muitas novidadesmochilas de super-her√≥is  coca-cola da vans e wats üéÅüéÅ‚Ä¶ URL|
|Thu Dec 11 16:36:53 +0000 2014|;|0|;|coca-cola e negresco &lt3|
|Thu Dec 11 16:36:04 +0000 2014|;|7|;|rt AT_USER - juventino oq vc quer ser quando cresce - oxi painho eu quero ir pra sum paulo vende coca cola e √°gua na marginal - esse √© me‚Ä¶|
|Thu Dec 11 16:35:48 +0000 2014|;|0|;|coca cola √© uma droga vicia demais|
|Thu Dec 11 16:34:45 +0000 2014|;|0|;|AT_USER AT_USER guaraviton meu saco volta coca cola|
|Thu Dec 11 16:34:33 +0000 2014|;|0|;|so a min se me ocurre tomar coca-cola pola noite estou mais desperta que polo d√≠a|
|Thu Dec 11 16:34:32 +0000 2014|;|398|;|rt AT_USER mas gente como assim eu achava q eles tomavam coca cola URL|
|Thu Dec 11 16:34:17 +0000 2014|;|6|;|rt AT_USER coca cola j√° treme com o sucesso do guaraviton|
|Thu Dec 11 16:34:02 +0000 2014|;|0|;|hoje em dia ele pergunta se vai rolar coca cola  √© o mundo d√° voltas|
|Thu Dec 11 16:31:19 +0000 2014|;|0|;|algu√©m quer coca cola geladinha|
|Thu Dec 11 16:29:54 +0000 2014|;|0|;|AT_USER e tu acha que eles sabem o que √© patroc√≠nio s√≥ compram camisa no camel√¥ escrita coca cola ainda |
|Thu Dec 11 16:29:46 +0000 2014|;|0|;|AT_USER AT_USER vou tomar coca cola bjs|
|Thu Dec 11 16:27:11 +0000 2014|;|0|;|acho que vou comprar umas gomas e coca-cola|
|Thu Dec 11 16:26:54 +0000 2014|;|0|;|√© hoje os caminh√µes da coca-cola iniciar√£o o percurso √†s 19h saindo da avenida washington luiz confira o URL|
|Thu Dec 11 16:26:40 +0000 2014|;|0|;|vai entender t√¥ deitada do lado s√≥ notebook ouvindo a r√°dio da coca cola e t√¥ mexendo no celular que t√° carregando üòÇüòÇüëè|
|Thu Dec 11 16:26:23 +0000 2014|;|0|;|ei mo√ßa a coca-cola tb paga viu|
|Thu Dec 11 16:26:22 +0000 2014|;|0|;|estou ouvindo bob - so good na cocacolafm URL|
|Thu Dec 11 16:26:09 +0000 2014|;|72|;|rt AT_USER te amo te amo te amo mas voc√™ n√£o me d√° bola = ent√£o vou me afundar num copinho de coca-cola AT_USER &lt3|
|Thu Dec 11 16:25:56 +0000 2014|;|0|;|sdds da minha havaiana üòî hoje q fui perceber q eu to andando c a da coca cola q n√£o √© minha q no caso √© do meu padrasto tamanho 40mil|
|Thu Dec 11 16:25:47 +0000 2014|;|0|;|milagre que n√£o estou pegando coca cola |
|Thu Dec 11 16:25:14 +0000 2014|;|0|;|meu celular caiu no copo de coca cola üòÇüëç|
|Thu Dec 11 16:25:13 +0000 2014|;|0|;|agora se resolvo tomar uma coca cola me chamam de petralha porque o r√≥tulo √© vermelho|
|Thu Dec 11 16:25:07 +0000 2014|;|0|;|adeus coca-cola sentirei saudades|
|Thu Dec 11 16:24:54 +0000 2014|;|0|;|discurso feito por bryan dyson deixando o cargo de presidente da coca cola ‚Äúimagine a vida como um malabarismo URL|
|Thu Dec 11 16:24:32 +0000 2014|;|0|;|o almo√ßo hoje foi tekitos com coca cola fugi da dieta messmo|
|Thu Dec 11 16:24:31 +0000 2014|;|1|;|rt AT_USER AT_USER gera√ß√£o coca-cola|
|Thu Dec 11 16:23:04 +0000 2014|;|0|;|almo√ßo *--* partiu_ficar_gorda ‚Äî comendo batata frita com coca cola|
|Thu Dec 11 16:23:01 +0000 2014|;|0|;|gostei de um v√≠deo AT_USER URL feito com latinhas de coca-cola|
|Thu Dec 11 16:22:58 +0000 2014|;|0|;|nx zero - vamos seguir - URL|
|Thu Dec 11 16:22:53 +0000 2014|;|0|;|n√£o contente com o frukito na cama eu virei coca cola tbb|
|Thu Dec 11 16:22:44 +0000 2014|;|0|;|to a uns 3 dias bebendo s√≥ √°gua mas pensando em cerveja e coca cola|
|Thu Dec 11 16:22:32 +0000 2014|;|0|;|jeff_parras mais q coca cola e chocolate üòçüòòüòçüòòüòç @ studio b URL|
|Thu Dec 11 16:22:22 +0000 2014|;|0|;|e olha tinha uma coca cola l√° no meio to pensando em me suicidar com ela|
|Thu Dec 11 16:21:58 +0000 2014|;|0|;|almo√ßei batata frita e coca-cola|
|Thu Dec 11 16:20:37 +0000 2014|;|0|;|rt AT_USER sinto que the pinkprint vai vender mais que coca cola vai hitar sinto mesmo|
|Thu Dec 11 16:20:12 +0000 2014|;|1|;|rt AT_USER quero uma coca cola bem gelada|
|Thu Dec 11 16:20:07 +0000 2014|;|0|;|AT_USER eu sou aquela coca cola zero la atras|
|Thu Dec 11 16:20:04 +0000 2014|;|0|;|quero oreo oreo com coca cola ou com leite gelado e bom di mais|
|Thu Dec 11 16:20:03 +0000 2014|;|0|;|ui eu vou comemorar tomar uma coca-cola  ahsuaihsia ot√°ria|
|Thu Dec 11 16:19:47 +0000 2014|;|0|;|AT_USER n√£o gosto de beber n√£o prefiro coca cola hahahahaha|
|Thu Dec 11 16:19:38 +0000 2014|;|0|;|resultado para se desculpar os eua adicionaram 2% de napalm em cada garrafa de coca-cola p matarem seu pr√≥prio povo|
|Thu Dec 11 16:19:20 +0000 2014|;|0|;|se diz comunista mas toma coca-cola|
|Thu Dec 11 16:18:38 +0000 2014|;|0|;|ap√≥s a guerra do vietn√£ os eua fizeram uma proposta j√° que nois matamo tanto nego dai que tal mudar a formula da nossa coca-cola|
|Thu Dec 11 16:18:24 +0000 2014|;|0|;|coca cola brigadeiro &lt3 nada melhor hu3hu3hu3|
|Thu Dec 11 16:17:47 +0000 2014|;|0|;|e eu pensando que ia aparecer o coca cola festival fui ot√°ria|
|Thu Dec 11 16:17:46 +0000 2014|;|0|;|anteontem eu criei uma teoria sobre um tratado entre os eua e o vietn√£ envolvendo napalm e coca-cola|
|Thu Dec 11 16:17:31 +0000 2014|;|11|;|rt AT_USER AT_USER ahüòç pode carryar nossos cora√ß√µes q a gnt vai d suporte q dupla hein se a gente feedar pelo menos tem coca-‚Ä¶|
|Thu Dec 11 16:17:28 +0000 2014|;|1|;|quero uma coca cola bem gelada|
|Thu Dec 11 16:17:05 +0000 2014|;|2|;|socorro felipe dylon no video show ate cuspi minha coca cola|
|Thu Dec 11 16:16:26 +0000 2014|;|0|;|nego inveja at√© a coca cola que tu bebe kk|
|Thu Dec 11 16:15:45 +0000 2014|;|0|;|rt AT_USER  AT_USER apesar de ser uma droga pesada adoro uma coca cola gelada depois de um basead√£o kk|
|Thu Dec 11 16:15:44 +0000 2014|;|6|;|coca cola j√° treme com o sucesso do guaraviton|
|Thu Dec 11 16:15:26 +0000 2014|;|0|;|sabe o que me despertaria uma coca-cola )|
|Thu Dec 11 16:15:08 +0000 2014|;|0|;|√© a parada agora √© deixar a coca-cola de lado e passar a comprar guaravita|
|Thu Dec 11 16:12:28 +0000 2014|;|0|;|o cigarro de ontem √© a coca-cola o mcdonalds e a rufles de hoje uma pol√≠tica p√∫blica nutricional √© urgente e sa√∫de pro povo|
|Thu Dec 11 16:11:45 +0000 2014|;|20|;|rt AT_USER af ela me deixa louca eu amo latinas mais que coca-cola e quando a latina √© cubana vai tomar no cu cubana e camila tom‚Ä¶|
|Thu Dec 11 16:11:42 +0000 2014|;|1044|;|rt AT_USER mas gente eu achava q eles tomavam coca cola URL|
|Thu Dec 11 16:11:31 +0000 2014|;|71|;|rt AT_USER mas gente eu achava q eles tomavam coca cola junto com o papai noel no comercial URL|
|Thu Dec 11 16:11:05 +0000 2014|;|202|;|rt AT_USER n√£o bebo √°gua n√£o bebo suco nem nada s√≥ caf√© e coca cola pq ƒó preto|
|Thu Dec 11 16:09:28 +0000 2014|;|0|;|AT_USER toma engov toma agua dorme coca cola e ja era|
|Thu Dec 11 16:09:26 +0000 2014|;|0|;|AT_USER vamos fazer grupo de apoio oi meu nome √© caroline e estou a 20 minutos sem coca-cola|
|Thu Dec 11 16:09:15 +0000 2014|;|0|;|tomei dois litro de coca cola sozinha agr|
|Thu Dec 11 16:08:53 +0000 2014|;|0|;|coca cola √© vida *--* bebo mesmo foda-se vc e sua vida saud√°vel )|
|Thu Dec 11 16:08:42 +0000 2014|;|0|;|agora virou coca-cola ta cheia de amigos üéµ|
|Thu Dec 11 16:08:41 +0000 2014|;|0|;|se guaraviton fosse bom n√£o se chamava guaraviton e sim coca-cola|
|Thu Dec 11 16:08:32 +0000 2014|;|0|;|eu sou uma coca cola üç∑|
|Thu Dec 11 16:08:05 +0000 2014|;|0|;|partiu natal alguemfeliz ‚ï±‚ñî‚ñî‚ï≤ ‚ñè‚îà‚îà‚ñï‚ï±‚ñî‚ñî‚ï≤ ‚ñè üéÑcoca-cola üéÖ ‚ñï‚ñî‚ñî‚ï≤‚ï±‚ñè ‚ñè‚îà‚îà‚ñï‚ñï‚ñâ‚ñï‚ï±‚ï≤ ‚ñá‚ñá‚ñî‚ñî‚ï≤‚ñï ‚ñá‚ñá‚ï±‚ñî‚ï≤‚ñá‚ñá‚ï±‚ñî‚ï≤‚ñï‚ï± ‚îà‚îà‚ï≤‚ñÇ‚ï±‚îà‚îà‚ï≤‚ñÇ‚ï±|
|Thu Dec 11 16:07:28 +0000 2014|;|0|;|aehoo meu filho n√£o vai nascer com cara de coca-cola mais üòÄüòÅüòÖ URL|
