|Wed Dec 17 17:59:37 +0000 2014|;|0|;|estudantes fazem protesto na usp e pedem mais seguran√ßa para mulheres elas fizeram uma carta para ser entregu URL|
|Wed Dec 17 17:59:13 +0000 2014|;|0|;|em ato p√∫blico de protesto servidores do poder judici√°rio cruzam os bra√ßos nesta quarta-feira em mineiros veja URL|
|Wed Dec 17 17:58:58 +0000 2014|;|4|;|rt AT_USER AT_USER AT_USER AT_USER AT_USER petroleiro prop√µe protesto porta globo AT_USER URL ht‚Ä¶|
|Wed Dec 17 17:56:20 +0000 2014|;|3|;|rt AT_USER rt AT_USER chefe da usaid renuncia em protesto contra reatamento de rela√ß√µes entre eua e cuba URL ‚Ä¶|
|Wed Dec 17 17:54:43 +0000 2014|;|52|;|rt AT_USER urgente √≠ndios de volta do protesto em bras√≠lia est√£o sendo sequestrados pela pol√≠cia na estrada indigenista rt rt ‚Ä¶|
|Wed Dec 17 17:54:40 +0000 2014|;|88|;|rt AT_USER estudantes fazem protesto na usp e pedem mais seguran√ßa para mulheres URL g1 URL|
|Wed Dec 17 17:53:04 +0000 2014|;|0|;|protesto ind√≠gena no congresso nacional confiram as imagens URL|
|Wed Dec 17 17:49:09 +0000 2014|;|13|;|rt AT_USER lojas do shopping guararapes fecham as portas por contra de protesto dentro do estabelecimento veja o v√≠deo URL|
|Wed Dec 17 17:47:59 +0000 2014|;|0|;|republicano √© t√£o foda que eles uma vez fizeram um protesto para que banissem o heavy metal dos eua nos anos 80 (s√©rio mesmo)|
|Wed Dec 17 17:47:37 +0000 2014|;|0|;|üôå (@ 2¬∞ of√≠cio de protesto de t√≠tulos do guar√° in bras√≠lia df) URL|
|Wed Dec 17 17:41:22 +0000 2014|;|0|;|tamb√©m concordo realmente eu n√£o presto n√£o sirvo pra m√≠dia nem pra canta protesto tudo o que eles querem vou fazer sempre o inverso‚ô´|
|Wed Dec 17 17:40:59 +0000 2014|;|0|;|ta tendo protesto de funcion√°rio na frente da contax aa|
|Wed Dec 17 17:40:07 +0000 2014|;|0|;|voc√™ viu isso pastor fez um protesto inusitado usando um cavalo vestido de noiva para deixar claro que √© contra URL|
|Wed Dec 17 17:39:56 +0000 2014|;|0|;|n√£o tem protesto que aguente um layout de natal|
|Wed Dec 17 17:35:23 +0000 2014|;|1|;|rt AT_USER a menina n√£o sabe nem o que √© feminismo e quer fazer protesto e se sentir a revolucion√°ria|
|Wed Dec 17 17:35:23 +0000 2014|;|0|;|estudantes fazem protesto na usp e pedem mais seguran√ßa para mulheres - jornal o nort√£o URL|
|Wed Dec 17 17:33:52 +0000 2014|;|0|;|protesto queremos a√ßa√≠ AT_USER üòÇüòÇ|
|Wed Dec 17 17:33:30 +0000 2014|;|8|;|rt AT_USER petroleiro prop√µe protesto na porta da globo URL|
|Wed Dec 17 17:33:04 +0000 2014|;|0|;|tios da limpeza sem receber est√£o fazendo protesto faculdade toda suja elevador parado e minha prova est√° mantida para hoje|
|Wed Dec 17 17:32:11 +0000 2014|;|0|;|duvido q vai ter protesto nos eua dizendo q o governo quer instalar uma ditadura cubana povo americano tem vis√£o diferente do brasileiro|
|Wed Dec 17 17:31:41 +0000 2014|;|0|;|estudantes fazem protesto na usp e pedem mais seguran√ßa para mulheres g1 URL|
|Wed Dec 17 17:31:29 +0000 2014|;|0|;|√† essas igrejas aos seus pastores cantores l√≠deres e pol√≠ticos crist√£os o profeta ergue a voz em protesto|
|Wed Dec 17 17:25:01 +0000 2014|;|26|;|rt AT_USER estudantes fazem protesto na usp e pedem mais seguran√ßa para mulheres URL|
|Wed Dec 17 17:24:56 +0000 2014|;|0|;|comiss√£o vai tentar votar nesta tarde pec da demarca√ß√£o de terras ind√≠genas grupo de √≠ndios faz protesto na c√¢mara URL|
|Wed Dec 17 17:24:34 +0000 2014|;|1|;|rt AT_USER AT_USER eu vi tbm n√£o era feminismo aquilo a m√° imagem que passa pra mulher naquele protesto √© uma desgra√ßa|
|Wed Dec 17 17:24:02 +0000 2014|;|1|;|AT_USER eu vi tbm n√£o era feminismo aquilo a m√° imagem que passa pra mulher naquele protesto √© uma desgra√ßa|
|Wed Dec 17 17:23:22 +0000 2014|;|0|;|educa√ß√£o estudantes fazem protesto na usp e pedem mais seguran√ßa para mulheres elas fizeram uma carta para s URL|
|Wed Dec 17 17:23:05 +0000 2014|;|0|;|AT_USER como forma de protesto investigador de corrup√ß√£o na fifa pede demiss√£o mic URL alagoas369graus|
|Wed Dec 17 17:21:52 +0000 2014|;|0|;|URL hoje meus amigos v√£o me levar para o protesto|
|Wed Dec 17 17:20:32 +0000 2014|;|0|;|bem dramatica mesmo e n√£o vou arrumar meu quarto como forma de protesto por ela ter cancelado dos meninos virem üò°üò≠|
|Wed Dec 17 17:20:09 +0000 2014|;|0|;|em breve vamos ver a gabi mostrando os seios em um protesto na pra√ßa portugal t√° se encaminhando pra isso|
|Wed Dec 17 17:20:09 +0000 2014|;|0|;|n√£o adianta olhar pro c√©u com muita f√© e pouca luta levanta a√≠ que voc√™ tem muito protesto pra fazer e muita greve voc√™ pode|
|Wed Dec 17 17:19:18 +0000 2014|;|0|;|se teve protesto por 20 centavos porque n√£o ter por 30 centavos c√∫mulo|
|Wed Dec 17 17:17:26 +0000 2014|;|0|;|gente vai rolar beija√ßo em protesto a homofobia que rolou no patupir√° hahaahaha|
|Wed Dec 17 17:15:52 +0000 2014|;|0|;|n√£o estou estudando pra isso rt AT_USER estudantes fazem protesto na usp e pedem mais seguran√ßa para mulheres URL g1|
|Wed Dec 17 17:14:01 +0000 2014|;|0|;|vcs me seguem se eu fizer um blog de modavou me maquiarfazer home tour e protesto tour video e tudoo nome podia sermoda e revolu√ß√£ohue|
|Wed Dec 17 17:12:18 +0000 2014|;|0|;|como forma de protesto investigador de corrup√ß√£o na fifa pede demiss√£o michael garcia era o advogado respons URL|
|Wed Dec 17 17:11:01 +0000 2014|;|0|;|pastor usa cavalo vestido de noiva para protestar contra casamento gay assista um pastor evang√©lico protesto URL|
|Wed Dec 17 17:08:08 +0000 2014|;|0|;|vejam onde chegamos protesto em shopping de pe exigindo cesta b√°sica de hipermercado veja o v√≠deo URL|
|Wed Dec 17 17:07:39 +0000 2014|;|0|;|banc√°rios demitidos fazem protesto em curitiba URL via AT_USER|
|Wed Dec 17 17:07:38 +0000 2014|;|1|;|banc√°rios demitidos fazem protesto em curitiba URL|
|Wed Dec 17 17:07:08 +0000 2014|;|0|;|ouvindo like a virgin da confessions tour que eu comprei no site piratebay em protesto|
|Wed Dec 17 17:06:46 +0000 2014|;|0|;|rosa c√°ceres crucificada em protesto na embaixada do brasil em assun√ß√£o falou com a rb por telefone URL|
|Wed Dec 17 17:06:29 +0000 2014|;|0|;|policial militar √© atingido por flecha no p√© durante protesto na c√¢mara URL|
|Wed Dec 17 17:05:02 +0000 2014|;|1|;|rt AT_USER operacaobetalab estudantes fazem protesto na usp e pedem mais seguran√ßa para mulheres elas fiz URL s‚Ä¶|
|Wed Dec 17 17:03:22 +0000 2014|;|9|;|rt AT_USER chefe da usaid renuncia em protesto contra reatamento de rela√ß√µes entre eua e cuba URL|
|Wed Dec 17 17:01:18 +0000 2014|;|0|;|protesto contra suposto crime cometendo outros crimes s√≥ observo URL|
|Wed Dec 17 16:59:35 +0000 2014|;|0|;|pol√≠cia para quem precisa de pol√≠cia URL|
|Wed Dec 17 16:59:26 +0000 2014|;|14|;|rt AT_USER rt AT_USER a 3 meses sreceber funcion√°rios da limpeza fazem protesto na AT_USER URL|
|Wed Dec 17 16:58:42 +0000 2014|;|0|;|at√© dentro do shopping est√° tendo protestose essa moda pega|
|Wed Dec 17 16:58:17 +0000 2014|;|0|;|em rr √≠ndios bloqueiam trecho da br 174 em protesto contra pec 215 URL brasil|
|Wed Dec 17 16:55:08 +0000 2014|;|301|;|rt AT_USER londres tem evento de protesto com sentada na cara em massa e seios de fora veja fotos URL g1 URL|
|Wed Dec 17 16:54:42 +0000 2014|;|0|;|meu deus que ambientalismo √© esse URL|
|Wed Dec 17 16:54:20 +0000 2014|;|1|;|rt AT_USER estudantes fazem protesto na usp e pedem mais seguran√ßa para mulheres URL URL|
|Wed Dec 17 16:53:45 +0000 2014|;|1|;|estudantes fazem protesto na usp e pedem mais seguran√ßa para mulheres URL URL|
|Wed Dec 17 16:51:49 +0000 2014|;|1|;|rt AT_USER AT_USER AT_USER isso mesmo prof¬∫ tamo junto no pr√≥ximo protesto vou estar com a camisa do brasil e cartaz fora ‚Ä¶|
|Wed Dec 17 16:51:35 +0000 2014|;|0|;|isso √© uma forma de protesto|
|Wed Dec 17 16:51:29 +0000 2014|;|1|;|a menina n√£o sabe nem o que √© feminismo e quer fazer protesto e se sentir a revolucion√°ria|
|Wed Dec 17 16:51:07 +0000 2014|;|0|;|ind√≠genas s√£o reprimidos em protesto contra a pec 215 na c√¢mara e seis s√£o presos pela pol√≠cia direitosindigenas URL|
|Wed Dec 17 16:51:06 +0000 2014|;|0|;|pq feministart AT_USER estudantes fazem protesto na usp e pedem mais seguran√ßa para mulheres URL g1 URL|
|Wed Dec 17 16:50:04 +0000 2014|;|0|;|e essas feministas ai fazendo protesto|
|Wed Dec 17 16:49:57 +0000 2014|;|1|;|AT_USER AT_USER isso mesmo prof¬∫ tamo junto no pr√≥ximo protesto vou estar com a camisa do brasil e cartaz fora pt|
|Wed Dec 17 16:49:15 +0000 2014|;|88|;|estudantes fazem protesto na usp e pedem mais seguran√ßa para mulheres URL g1 URL|
|Wed Dec 17 16:48:53 +0000 2014|;|0|;|estudantes fazem protesto na usp e pedem mais seguran√ßa para mulheres elas fizeram uma carta URL renatogottschal|
|Wed Dec 17 16:48:51 +0000 2014|;|0|;|ela nao esteja mirando na coisa q irrita ela ela sabe q a coisa vai ouvir o protesto|
|Wed Dec 17 16:47:48 +0000 2014|;|0|;|as feminazi v√£o deixar os pentelho crescer em protesto contra a sele√ß√£o natural do loen|
|Wed Dec 17 16:47:43 +0000 2014|;|1|;|rt AT_USER estudantes fazem protesto na usp e pedem mais seguran√ßa para mulheres forabolsonaro URL|
|Wed Dec 17 16:47:36 +0000 2014|;|0|;|AT_USER esse √© o protesto|
|Wed Dec 17 16:47:33 +0000 2014|;|0|;|na russia protesto as pessoas v√£o jogar vodca no chau em sp vai ser √°gua|
|Wed Dec 17 16:46:10 +0000 2014|;|1|;|estudantes fazem protesto na usp e pedem mais seguran√ßa para mulheres forabolsonaro URL|
|Wed Dec 17 16:44:04 +0000 2014|;|1|;|rt AT_USER em rr √≠ndios bloqueiam trecho da br 174 em protesto contra pec 215 URL|
|Wed Dec 17 16:43:36 +0000 2014|;|0|;|fazer uns protesto e pa|
|Wed Dec 17 16:41:50 +0000 2014|;|0|;|os sofredores da contax fazendo protesto por serem sofredores d√™s de 800 URL|
|Wed Dec 17 16:41:31 +0000 2014|;|2|;|rt AT_USER AT_USER estudantes fazem protesto na usp e pedem mais seguran√ßa para mulheres URL g1 URL|
|Wed Dec 17 16:41:00 +0000 2014|;|0|;|s√≥crates em protesto na cadeia ainda vai tirar o lugar ao mario nogueira URL|
|Wed Dec 17 16:40:28 +0000 2014|;|0|;|new post em rr √≠ndios bloqueiam trecho da br 174 em protesto contra pec 215 URL|
|Wed Dec 17 16:40:17 +0000 2014|;|1|;|rt AT_USER languageportuguese obrigado meus 175mil seguidores protesto somoscontrapedofilia aos que n√£o seguiram de volta √© http‚Ä¶|
|Wed Dec 17 16:34:50 +0000 2014|;|11|;|rt AT_USER novissimo mene  AT_USER o protesto da torcida maniaca por sexo URL|
|Wed Dec 17 16:34:17 +0000 2014|;|7|;|rt AT_USER operacaobetalab linhas de √¥nibus s√£o remanejadas durante paralisa√ß√£o em manaus protesto parali URL s‚Ä¶|
|Wed Dec 17 16:34:11 +0000 2014|;|29|;|rt AT_USER um protesto que tenha um trio el√©trico tocando vamo quebrar tudo do gino e geno|
|Wed Dec 17 16:33:59 +0000 2014|;|11|;|rt AT_USER operacaobetalab linhas de √¥nibus s√£o remanejadas durante paralisa√ß√£o em manaus protesto parali URL sdv ‚Ä¶|
|Wed Dec 17 16:33:24 +0000 2014|;|2|;|rt AT_USER linhas de √¥nibus s√£o remanejadas durante paralisa√ß√£o em manaus protesto paralisou 80% da frota de 240 √¥nibus  URL|
|Wed Dec 17 16:31:25 +0000 2014|;|0|;|o protesto das montanhas URL|
|Wed Dec 17 16:31:04 +0000 2014|;|0|;|socorro que ta maravilhoso o protesto das tias da limpeza|
|Wed Dec 17 16:30:25 +0000 2014|;|1|;|operacaobetalab estudantes fazem protesto na usp e pedem mais seguran√ßa para mulheres elas fiz URL sdv timbeta|
|Wed Dec 17 16:29:03 +0000 2014|;|0|;|t√£o fazendo um protesto pra tirarem o prof de f√≠sica 2 pq ele n√£o queria d√° as notas de ningu√©m|
|Wed Dec 17 16:26:42 +0000 2014|;|1|;|languageportuguese obrigado meus 175mil seguidores protesto somoscontrapedofilia aos que n√£o seguiram de volta √© URL|
|Wed Dec 17 16:26:19 +0000 2014|;|0|;|republica√ß√£o  protesto termina com um morto e um ferido no complexo do alem√£o zona norte do rio URL|
|Wed Dec 17 16:25:58 +0000 2014|;|2|;|rt AT_USER dinossauro nazista rt AT_USER chefe da usaid renuncia em protesto contra reatamento de rela√ß√µes eeuu e cuba URL|
|Wed Dec 17 16:25:47 +0000 2014|;|0|;|protesto de moradores perde for√ßa e reintegra√ß√£o ocorre em porto alegre URL URL|
|Wed Dec 17 16:25:26 +0000 2014|;|1|;|rt AT_USER rt AT_USER estudantes fazem protesto na usp e pedem mais seguran√ßa para mulheres URL g1 URL|
|Wed Dec 17 16:24:46 +0000 2014|;|0|;|em rr √≠ndios bloqueiam trecho da br 174 em protesto contra pec 215 bloqueio ocorre na regi√£o de s√£o marcos  URL|
|Wed Dec 17 16:24:12 +0000 2014|;|0|;|um protesto em forma de poesia pela causa lgbt quem cala consente (um poema de katia viula) dizem que n√£o URL|
|Wed Dec 17 16:24:02 +0000 2014|;|0|;|protesto - moradores montam barreira na entrada da cidade de nova mutum URL via AT_USER|
|Wed Dec 17 16:22:52 +0000 2014|;|0|;|AT_USER estudantes fazem protesto na usp e pedem mais seguran√ßa para mulheres URL URL|
|Wed Dec 17 16:22:38 +0000 2014|;|0|;|o pessoal da interven√ß√£o militar j√° deve estar organizando protesto na avenida paulista contra o fim do embargo dos eua a cuba|
|Wed Dec 17 16:22:24 +0000 2014|;|393|;|rt AT_USER acho v√°lido o protesto URL|
|Wed Dec 17 16:21:37 +0000 2014|;|0|;|ind√≠genas s√£o reprimidos em protesto contra a pec 215 na c√¢mara e seis s√£o presos pela pol√≠cia URL|
|Wed Dec 17 16:21:31 +0000 2014|;|2|;|AT_USER estudantes fazem protesto na usp e pedem mais seguran√ßa para mulheres URL g1 URL|
|Wed Dec 17 16:20:49 +0000 2014|;|2|;|dinossauro nazista rt AT_USER chefe da usaid renuncia em protesto contra reatamento de rela√ß√µes eeuu e cuba URL|
|Wed Dec 17 16:20:27 +0000 2014|;|0|;|ma√ßos de coentro s√£o doados em forma de protesto em presidente figueiredo URL|
|Wed Dec 17 16:20:27 +0000 2014|;|0|;|[g1 sp] estudantes fazem protesto na usp e pedem mais seguran√ßa para mulheres URL|
|Wed Dec 17 16:18:29 +0000 2014|;|3|;|rt AT_USER chefe da usaid renuncia em protesto contra reatamento de rela√ß√µes entre eua e cuba URL  ahahhah oba|
|Wed Dec 17 16:18:09 +0000 2014|;|0|;|em rr √≠ndios bloqueiam trecho da br 174 em protesto contra pec 215 URL timbeta operacaobetalab sdv|
|Wed Dec 17 16:17:58 +0000 2014|;|0|;|em rr √≠ndios bloqueiam trecho da br 174 em protesto contra pec 215 URL somostodosdilma raynniere buyraynniereonitunes|
|Wed Dec 17 16:17:47 +0000 2014|;|0|;|sempre soube que elis nunca tinham terminado  foi so um protesto pra essas f√£ chata pararem de atormentar elis ‚ù§|
|Wed Dec 17 16:17:46 +0000 2014|;|1|;|rt AT_USER AT_USER AT_USER feministas organizam protesto pelo direito de serem t√£o idiotas quanto os homens|
|Wed Dec 17 16:17:41 +0000 2014|;|0|;|estudantes fazem protesto na usp e pedem mais seguran√ßa para mulheres URL somostodosdilma raynniere buyraynniereo|
