|Tue Dec 23 15:44:21 +0000 2014|;|0|;|ol√° AT_USER e AT_USER gostar√≠amos do cantor fernando ribeiro (AT_USER no encontro com f√°tima bernardes|
|Tue Dec 23 15:43:44 +0000 2014|;|0|;|aos 21 felipe simas se derrete pelo filho chegou na hora dele fomos escolhidos  link URL|
|Tue Dec 23 15:43:18 +0000 2014|;|1|;|rt AT_USER ol√° AT_USER  gostar√≠amos de sugerir a participa√ß√£o da banda fly no programa ‚Äúencontro com f√°tima bernardes‚Äù ag‚Ä¶|
|Tue Dec 23 15:41:07 +0000 2014|;|11|;|rt AT_USER olha quem esteve no encontro hoje felipe simas e o fofo do joaquim URL üíöüíúüíô‚ù§üíóüíïüíñüíûüíò URL|
|Tue Dec 23 15:38:08 +0000 2014|;|0|;|AT_USER participou hj pela manh√£ no encontro com f√°tima bernardes da AT_USER URL|
|Tue Dec 23 15:25:39 +0000 2014|;|1|;|ol√° AT_USER  gostar√≠amos de sugerir a participa√ß√£o da banda fly no programa ‚Äúencontro com f√°tima bernardes‚Äù agradecemos|
|Tue Dec 23 15:18:58 +0000 2014|;|28|;|rt AT_USER perdeu o encontro n√£o tem problema no AT_USER voc√™ consegue ver tudo o que rolou clicai URL http‚Ä¶|
|Tue Dec 23 15:15:58 +0000 2014|;|0|;|encontro com f√°tima bernardes ter√ßa (23) sp globo 85 (11 de pico) sbt 47 record 38 band 16|
|Tue Dec 23 15:14:18 +0000 2014|;|0|;|encontro com f√°tima bernardes (2312) globo 85 sbt 47 record 38 band 16 106 de pico 239% de share|
|Tue Dec 23 15:13:15 +0000 2014|;|0|;|pr√©via ‚Äì sp  encontro com f√°tima bernardes (2312) URL|
|Tue Dec 23 15:13:10 +0000 2014|;|0|;|pr√©via encontro com f√°tima bernardes ter√ßa (23) sp globo 85 (11 de pico) sbt 47 record 38 band 16|
|Tue Dec 23 15:06:52 +0000 2014|;|0|;|mano a globo imita tudo da gringa pqp - crian√ßas tentam descobrir como usar c√¢mera anal√≥gica URL|
|Tue Dec 23 15:03:22 +0000 2014|;|970|;|rt AT_USER namorar com f√£s üò±üò± os meninos da AT_USER respondem URL flynoencontro encontro URL|
|Tue Dec 23 15:01:45 +0000 2014|;|0|;|felipe a mari e o joaquim estavam hoje no encontro com f√°tima bernardes e eu n√£o assisti üò≠üò≠|
|Tue Dec 23 15:01:06 +0000 2014|;|4|;|rt AT_USER aos 21 felipe simas se derrete pelo filho chegou na hora dele fomos escolhidos URL|
|Tue Dec 23 15:01:05 +0000 2014|;|9|;|rt AT_USER acompanhe o encontro pela internet aqui √≥ URL URL|
|Tue Dec 23 14:59:32 +0000 2014|;|0|;|hoje perdi o encontro com f√°tima bernardes que a nono tava üòíüëå|
|Tue Dec 23 14:58:30 +0000 2014|;|0|;|aos 21 felipe simas se derrete pelo filho chegou na hora dele fomos escolhidos URL|
|Tue Dec 23 14:56:26 +0000 2014|;|0|;|eu n√£o aceito a minha non√¥ lellis ter saido  Ûæå∫Ûæå∫ ‚Äî assistindo encontro com f√°tima bernardes|
|Tue Dec 23 14:53:17 +0000 2014|;|0|;|aos 21 felipe simas se derrete pelo filho que lindoo üòç me derreto por cara assim kk URL|
|Tue Dec 23 14:51:37 +0000 2014|;|0|;|assistindo aqui a dina love no programa encontro da f√°tima bernardes percebo o quanto o brasileiro ainda √© URL|
|Tue Dec 23 14:47:01 +0000 2014|;|11|;|olha quem esteve no encontro hoje felipe simas e o fofo do joaquim URL üíöüíúüíô‚ù§üíóüíïüíñüíûüíò URL|
|Tue Dec 23 14:46:24 +0000 2014|;|0|;|AT_USER sim ele √© o mais novo n√© eu sempre confundo os irm√£os URL|
|Tue Dec 23 14:43:51 +0000 2014|;|0|;|AT_USER pod√≠amos fazer uma tag no hor√°rio do encontro com f√°tima bernardes pra chamarem a bru e o arthur que tal **|
|Tue Dec 23 14:32:04 +0000 2014|;|0|;|olha que bacana as crian√ßas tentando tirar uma selfie com a c√¢mera anal√≥gica URL|
|Tue Dec 23 14:22:40 +0000 2014|;|0|;|carlos evaney cover do rei roberto carlos no programa encontro de fatima bernardes URL|
|Tue Dec 23 14:18:40 +0000 2014|;|0|;|AT_USER espera eu ir pro encontro com fatima bernardes|
|Tue Dec 23 14:13:46 +0000 2014|;|0|;|adoro esse programa encontro com f√°tima bernardes que sempre aborda temas muito interessantes e que me identifico|
|Tue Dec 23 14:09:37 +0000 2014|;|0|;|esse medico do encontro com f√°tima bernardes trabalha no sus|
|Tue Dec 23 14:08:53 +0000 2014|;|0|;|eu sou uma besta mesmo t√¥ chorando com a hist√≥ria do timtim conversando com as pessoas na rua ‚Äî assistindo encontro com f√°tima bernardes|
|Tue Dec 23 14:06:43 +0000 2014|;|0|;|AT_USER AT_USER ol√° gostaria de sugerir a participa√ß√£o do ator e cantor arthur aguiar no encontro com f√°tima bernardes|
|Tue Dec 23 14:06:40 +0000 2014|;|0|;|um dis temas do encontro com f√°tima bernardes foi a paral√≠tica que dan√ßa|
|Tue Dec 23 14:06:22 +0000 2014|;|0|;|o meu anigo carlos evaney cover de roberto carlos e fatima bernardes hoje no programa encontro - tv globo URL|
|Tue Dec 23 14:05:11 +0000 2014|;|28|;|perdeu o encontro n√£o tem problema no AT_USER voc√™ consegue ver tudo o que rolou clicai URL URL|
|Tue Dec 23 14:04:05 +0000 2014|;|0|;|acordei 9h30 pra ver a nono no encontro com fatima bernardes e descubro q o programa come√ßa as 11h masok|
|Tue Dec 23 14:03:19 +0000 2014|;|0|;|carlos evaney - o cover do rei no programa encontro com fatima bernardes URL|
|Tue Dec 23 14:01:48 +0000 2014|;|0|;|minhas f√©rias vai ser assistir o encontro com f√°tima bernardes showw|
|Tue Dec 23 13:59:29 +0000 2014|;|0|;|encontro com f√°tima bernardes|
|Tue Dec 23 13:59:26 +0000 2014|;|0|;|- non√¥ lellis ÛæåßÛæåß ‚Äî assistindo encontro com f√°tima bernardes|
|Tue Dec 23 13:58:49 +0000 2014|;|2|;|rt AT_USER URL AT_USER canta demais emocionante üîù nonolellisnoencontro|
|Tue Dec 23 13:58:43 +0000 2014|;|0|;|to assistindo encontro com f√°tima bernardes|
|Tue Dec 23 13:58:29 +0000 2014|;|0|;|eita que lindinha essa mina que t√° no encontro com f√°tima bernardes|
|Tue Dec 23 13:55:17 +0000 2014|;|0|;|como faz pra dar uns beijo nesse doutor fernando do programa encontro com f√°tima bernardes|
|Tue Dec 23 13:55:14 +0000 2014|;|2|;|URL AT_USER canta demais emocionante üîù nonolellisnoencontro|
|Tue Dec 23 13:41:55 +0000 2014|;|0|;|assistindo encontro com fatima bernardes com a familia AT_USER URL|
|Tue Dec 23 13:40:48 +0000 2014|;|0|;|to deitada e assistindo encontro com f√°tima bernardes|
|Tue Dec 23 13:40:03 +0000 2014|;|13|;|rt AT_USER o seu encontro com a f√°tima bernardes come√ßa agora URL|
|Tue Dec 23 13:39:29 +0000 2014|;|0|;|o encontro com a f√°tima bernardes hoje s√≥ fala de doen√ßamere√ßo|
|Tue Dec 23 13:38:27 +0000 2014|;|0|;|nono lelisfelipe simas e mari com seu filho joaquim no encontro com fatima bernardes own &lt3|
|Tue Dec 23 13:34:31 +0000 2014|;|0|;|ol√° AT_USER AT_USER gostaria de sugerir a participa√ß√£o da atriz e cantora AT_USER no encontro com f√°tima bernardes|
|Tue Dec 23 13:34:29 +0000 2014|;|9|;|acompanhe o encontro pela internet aqui √≥ URL URL|
|Tue Dec 23 13:33:58 +0000 2014|;|0|;|ol√° AT_USER e AT_USER gostar√≠amos de sugerir a participa√ß√£o da atriz e cantora AT_USER no encontro com f√°tima bernardes|
|Tue Dec 23 13:33:30 +0000 2014|;|0|;|AT_USER no encontro com a f√°tima bernardes|
|Tue Dec 23 13:32:12 +0000 2014|;|8|;|rt AT_USER come√ßou pessoal acompanhe tudo aqui com a gente URL|
|Tue Dec 23 13:23:08 +0000 2014|;|0|;|gostei de um v√≠deo AT_USER URL figueiredo no encontro com fatima bernardes|
|Tue Dec 23 13:22:08 +0000 2014|;|0|;|minha m√£e me obrigando ver encontro com f√°tima bernardes|
|Tue Dec 23 13:20:01 +0000 2014|;|0|;|AT_USER AT_USER ol√° gostaria de sugerir a participa√ß√£o da escritora carolina munh√≥z no encontro com f√°tima bernardes|
|Tue Dec 23 13:18:21 +0000 2014|;|0|;|√© a treva mesmo to assistindo encontro com fatima bernardes mano uahauahauha|
|Tue Dec 23 13:17:45 +0000 2014|;|0|;|t√° aparecendo um menininho de pouso alegre no encontro com f√°tima bernardes üò±üò±|
|Tue Dec 23 13:16:33 +0000 2014|;|0|;|o brasil precisa de mais iguais a este URL|
|Tue Dec 23 13:14:11 +0000 2014|;|0|;|redeglobo globo a gente ver por aqui o seu encontro com a f√°tima bernardes come√ßa agora URL|
|Tue Dec 23 13:13:18 +0000 2014|;|0|;|encontro com f√°tima bernardes üëå|
|Tue Dec 23 13:11:37 +0000 2014|;|0|;|encontro com a f√°tima bernardes est√° top AT_USER canta demais representa|
|Tue Dec 23 13:09:07 +0000 2014|;|0|;|status assistindo encontro com f√°tima bernardes perd√£o pelo vacilo gente|
|Tue Dec 23 13:08:36 +0000 2014|;|0|;|AT_USER amei te ver no encontro com f√°tima bernardes  acordei cedinho para ouvir sua voz encantadora  parab√©ns|
|Tue Dec 23 13:07:16 +0000 2014|;|0|;|felipe simas e seu filinho no encontro com f√°tima bernardes * morrendo de amores ‚ô•|
|Tue Dec 23 13:04:37 +0000 2014|;|0|;|crc perdi gabriel medina no encontro com f√°tima bernardes ontem üò¨üò¨üò¢üò¢|
|Tue Dec 23 13:02:16 +0000 2014|;|0|;|encontro com f√°tima bernardes ta bom hoje|
|Tue Dec 23 12:56:30 +0000 2014|;|0|;|‚ÄúAT_USER come√ßou pessoal acompanhe tudo aqui com a gente URL|
|Tue Dec 23 12:56:00 +0000 2014|;|13|;|o seu encontro com a f√°tima bernardes come√ßa agora URL|
|Tue Dec 23 12:55:20 +0000 2014|;|8|;|come√ßou pessoal acompanhe tudo aqui com a gente URL|
|Tue Dec 23 12:34:08 +0000 2014|;|0|;|eu acho esse encontro com f√°tima bernardes uma bosta|
|Tue Dec 23 12:21:00 +0000 2014|;|0|;|encontro com f√°tima bernardes 2312non√¥ lellis participa URL|
|Tue Dec 23 12:10:41 +0000 2014|;|0|;|AT_USER AT_USER a nono vai no encontro com f√°tima bernardes üòª hoje URL|
|Tue Dec 23 12:09:55 +0000 2014|;|0|;|bicicleta calcinha viagem veja qual foi o melhor presente de natal dos artistas URL programas|
|Tue Dec 23 11:57:02 +0000 2014|;|0|;|waldez ludwig no encontro com f√°tima bernardes em 09-10-2013 URL|
|Tue Dec 23 11:40:39 +0000 2014|;|0|;|encontro com f√°tima bernardes 23122014 ‚Äì destaques URL|
|Tue Dec 23 11:39:55 +0000 2014|;|7|;|rt AT_USER f√°tima bernardes tem um convite muito especial pra voc√™s clique aqui e confira tudo que no encontro ‚Üí URL|
|Tue Dec 23 10:59:39 +0000 2014|;|1|;|rt AT_USER AT_USER adianta um pouco do que vai rolar no AT_USER de hoje confira URL encontrocomf√°t‚Ä¶|
|Tue Dec 23 10:59:17 +0000 2014|;|1|;|AT_USER adianta um pouco do que vai rolar no AT_USER de hoje confira URL encontrocomf√°timabernardes üì∫|
|Tue Dec 23 10:39:06 +0000 2014|;|0|;|galera aten√ß√£o n√£o percam hoje apartir das 1040 hor√°rio de bras√≠lia AT_USER no encontro com f√°tima bernardes nonolellis üé§üîù‚ù§|
|Tue Dec 23 10:03:00 +0000 2014|;|0|;|hoje tem AT_USER no encontro com fatima bernardes o o|
|Tue Dec 23 09:14:38 +0000 2014|;|0|;|voo atrasado ningu√©mmerece anyway daqui h√° pouco eu tenho um encontro com f√°tima bernardes e voc√™ ‚Äî URL|
|Tue Dec 23 07:42:45 +0000 2014|;|0|;|mas n√≥s podemos sugerir sempre no URL ou mandar uma mention para o AT_USER|
|Tue Dec 23 07:22:34 +0000 2014|;|0|;|rt AT_USER n√£o esque√ßa de mandar a sua pergunta √© s√≥ usar olalair e torcer pra AT_USER responder üçÄ URL flynoencontro|
|Tue Dec 23 07:10:46 +0000 2014|;|0|;|AT_USER AT_USER AT_USER ol√° queremos a participa√ß√£o da atriz d√©bora falabella no encontro com f√°tima bernardes |
|Tue Dec 23 07:10:36 +0000 2014|;|0|;|AT_USER AT_USER AT_USER ol√° queremos a participa√ß√£o da atriz d√©bora falabella no encontro com f√°tima bernardes|
|Tue Dec 23 05:41:17 +0000 2014|;|0|;|AT_USER gostar√≠amos de sugerir a participa√ß√£o da banda AT_USER no programa ‚Äúencontro com f√°tima bernardes‚Äù agradecemos|
|Tue Dec 23 05:39:01 +0000 2014|;|0|;|AT_USER AT_USER ol√° gostaria de sugerir a participa√ß√£o do ator e modelo bernardo velasco no encontro com f√°tima bernardes|
|Tue Dec 23 05:36:46 +0000 2014|;|0|;|AT_USER AT_USER ol√° gostaria de sugerir a participa√ß√£o da atrizcantorablogueira AT_USER no encontro com f√°tima bernardes|
|Tue Dec 23 04:52:07 +0000 2014|;|0|;|gostei de um v√≠deo AT_USER URL safad√£o - encontro com f√°tima bernardes - sou ciumento mesmo|
|Tue Dec 23 04:09:01 +0000 2014|;|0|;|vc viu encontro com f√°tima bernardes 23122014 ter√ßa-feira  fofocas URL|
|Tue Dec 23 04:09:01 +0000 2014|;|0|;|encontro com f√°tima bernardes 23122014 ter√ßa-feira URL|
|Tue Dec 23 04:06:21 +0000 2014|;|0|;|gostei de um v√≠deo AT_USER URL marco ant√¥nio costa no programa encontro com f√°tima bernardes|
|Tue Dec 23 03:41:49 +0000 2014|;|78|;|rt AT_USER f√°tima bernardes via instagram adorei esse encontro no caldeirao entre chay suede e caetano veloso URL|
|Tue Dec 23 03:18:34 +0000 2014|;|0|;|amanh√£ AT_USER no encontro com f√°tima bernardes ‚ù§Ô∏è anciosaa ‚ù§Ô∏è|
|Tue Dec 23 02:51:16 +0000 2014|;|0|;|encontro com f√°tima bernardes traz mais um tema para ser debatido no dia 2312 ter√ßa URL|
|Tue Dec 23 02:51:04 +0000 2014|;|0|;|encontro com f√°tima bernardes traz mais um tema para ser debatido no dia 2312 ter√ßa URL URL|
|Tue Dec 23 02:13:13 +0000 2014|;|0|;|assistir encontro com f√°tima bernardes 22122014 completo URL convidados f√°timabernardes manh√£ globo redeglobo|
|Tue Dec 23 02:13:04 +0000 2014|;|0|;|assistir encontro com f√°tima bernardes 22122014 completo URL encontrocomf√°timabernardes encontro f√°tima di√°rio|
|Tue Dec 23 01:59:58 +0000 2014|;|0|;|AT_USER gostar√≠amos de ver a AT_USER no programa encontro com f√°tima bernardes obrigada|
|Tue Dec 23 01:58:28 +0000 2014|;|0|;|f√°tima bernardes (AT_USER adianta um pouco do que vai rolar esta ter√ßa-feira no encontro oi‚Ä¶ URL|
|Tue Dec 23 01:49:36 +0000 2014|;|7|;|f√°tima bernardes tem um convite muito especial pra voc√™s clique aqui e confira tudo que no encontro ‚Üí URL|
|Tue Dec 23 01:43:16 +0000 2014|;|0|;|amanh√£ a non√¥ vai estar no encontro com f√°tima bernardes ‚ô•üòª vou acordar cedo s√≥ pra ver haha AT_USER ‚ô•‚ô•üòª|
|Tue Dec 23 01:30:57 +0000 2014|;|0|;|AT_USER ol√° gostar√≠amos de sugerir a participa√ß√£o da banda fly no programa ‚Äúencontro com f√°tima bernardes‚Äù agradecemos|
|Tue Dec 23 01:29:40 +0000 2014|;|374|;|rt AT_USER ansiedade a mil AT_USER daqui a pouco no encontro URL URL|
|Tue Dec 23 01:29:29 +0000 2014|;|244|;|rt AT_USER chegou a hora flynoencontro √© muito amor üòç URL|
|Tue Dec 23 01:29:22 +0000 2014|;|237|;|rt AT_USER apenas morrendo com flynoencontro ‚ù§Ô∏è‚ù§Ô∏è‚ù§Ô∏è‚ù§Ô∏è URL|
|Tue Dec 23 01:29:02 +0000 2014|;|175|;|rt AT_USER muito amor ‚ù§Ô∏è AT_USER e AT_USER no encontro URL|
|Tue Dec 23 01:28:57 +0000 2014|;|215|;|rt AT_USER geente tadinho do AT_USER üò£ clica√≠ pra ver o que fizeram com ele URL flynoencontro URL|
|Tue Dec 23 01:26:22 +0000 2014|;|99|;|rt AT_USER a base da nossa rela√ß√£o √© nos admirarmos sophia sobre o chay confira a mat√©ria completa URL URL|
|Tue Dec 23 01:11:38 +0000 2014|;|0|;|comemorando 20 anos de babalu e ra√≠ let√≠cia spiller quer nova parceria com ex URL|
|Tue Dec 23 01:11:08 +0000 2014|;|0|;|recordar √© viver programa encontro com f√°tima bernardes URL|
|Tue Dec 23 01:08:46 +0000 2014|;|1|;|rt AT_USER AT_USER namorar com f√£s üò±üò± os meninos da AT_USER respondem URL flynoencontro encontro URL|
|Tue Dec 23 01:05:59 +0000 2014|;|0|;|gostei de um v√≠deo AT_USER de AT_USER URL vencedores do trof√©u promessas 2013 - encontro com f√°tima bernardes|
|Tue Dec 23 01:03:29 +0000 2014|;|1|;|rt AT_USER ol√° AT_USER AT_USER gostaria de sugerir a participa√ß√£o da atriz e cantora AT_USER no encontro com f√°tima bernar‚Ä¶|
|Tue Dec 23 01:02:13 +0000 2014|;|2|;|rt AT_USER paula comendo abacaxi com formiga no encontro com f√°tima bernardes retrospectivapaulafernandes2014|
|Tue Dec 23 00:58:22 +0000 2014|;|2|;|paula comendo abacaxi com formiga no encontro com f√°tima bernardes retrospectivapaulafernandes2014|
|Tue Dec 23 00:54:05 +0000 2014|;|1|;|AT_USER namorar com f√£s üò±üò± os meninos da AT_USER respondem URL flynoencontro encontro URL|
|Tue Dec 23 00:39:56 +0000 2014|;|796|;|rt AT_USER amanh√£ tem fly no encontro com f√°tima bernardes forninho caiu n√© gi URL|
|Tue Dec 23 00:39:17 +0000 2014|;|0|;|f√°tima bernardes apresenta mais uma edi√ß√£o do encontro nesta ter√ßa-feira 23 URL|
|Tue Dec 23 00:20:57 +0000 2014|;|4|;|rt AT_USER comemorando 20 anos de babalu e ra√≠ let√≠cia spiller quer nova parceria com ex URL|
|Tue Dec 23 00:18:57 +0000 2014|;|0|;|let√≠cia spiller em entrevista ao site oficial do ‚Äòencontro com f√°tima bernardes‚Äô URL|
|Tue Dec 23 00:09:38 +0000 2014|;|147|;|rt AT_USER o encontro j√° est√° no ar vem com a gente URL|
|Tue Dec 23 00:06:42 +0000 2014|;|0|;|ol√° AT_USER gostar√≠amos de sugerir a participa√ß√£o da banda fly no programa ‚Äúencontro com f√°tima bernardes‚Äù agradecemos|
|Tue Dec 23 00:02:52 +0000 2014|;|1|;|rt AT_USER encontro com f√°tima bernardes eleva ibope da globo e marca o triplo da record no rj sexta 1912 - URL|
|Mon Dec 22 23:37:19 +0000 2014|;|1|;|rt AT_USER AT_USER eu n√£o sou f√°tima bernardes mas dia 10 tenho um encontro marcado com vc üòÇüòÇ|
|Mon Dec 22 23:28:57 +0000 2014|;|1|;|rt AT_USER ol√° AT_USER AT_USER gostaria de sugerir a participa√ß√£o da atriz e cantora AT_USER no encontro com f√°tima ber‚Ä¶|
|Mon Dec 22 22:57:28 +0000 2014|;|1|;|encontro com f√°tima bernardes eleva ibope da globo e marca o triplo da record no rj sexta 1912 - URL via AT_USER|
|Mon Dec 22 22:55:47 +0000 2014|;|0|;|AT_USER AT_USER ol√° gostaria de sugerir a participa√ß√£o do ator e cantor micael borges no encontro com f√°tima bernardes|
|Mon Dec 22 22:55:47 +0000 2014|;|7|;|rt AT_USER o AT_USER ensinando como se livrar do calor agora no encontro -&gt URL|
|Mon Dec 22 22:15:07 +0000 2014|;|0|;|super shippava casal hahah‚ù§comemorando 20 anos de babalu e ra√≠ let√≠cia spiller quer nova parceria com ex URL programas|
|Mon Dec 22 22:14:34 +0000 2014|;|3|;|rt AT_USER arthur participa do programa da f√°tima bernardes encontro retrospectivarbr2014 URL|
|Mon Dec 22 22:02:08 +0000 2014|;|0|;|adicionei um v√≠deo a uma playlist AT_USER URL do rei - programa  encontro com f√°tima bernardes|
|Mon Dec 22 22:00:07 +0000 2014|;|1|;|AT_USER eu n√£o sou f√°tima bernardes mas dia 10 tenho um encontro marcado com vc üòÇüòÇ|
|Mon Dec 22 21:52:04 +0000 2014|;|0|;|AT_USER - obrigado pela tua aten√ß√£o em me respondere desejo a todos voc√™s do programa encontro com fatima bernardes uma feliz natal|
|Mon Dec 22 21:48:30 +0000 2014|;|1|;|rt AT_USER ol√° AT_USER gostar√≠amos de sugerir a participa√ß√£o da banda fly no programa ‚Äúencontro com f√°tima bernardes‚Äù ag‚Ä¶|
|Mon Dec 22 21:40:02 +0000 2014|;|0|;|muito bom isso &gt&gt&gt comandante glauco motta d√° dicas para evitar afogamentos URL|
|Mon Dec 22 21:39:50 +0000 2014|;|4|;|rt AT_USER euescolhiesperar no encontro com f√°tima bernardes URL n√£o ent√£o confere a√≠|
|Mon Dec 22 21:38:08 +0000 2014|;|0|;|AT_USER ol√° gostaria de sugerir a participa√ß√£o da banda AT_USER no encontro com f√°tima bernardes|
|Mon Dec 22 21:36:42 +0000 2014|;|165|;|rt AT_USER bom dia geral hoje tem projota no encontro com f√°tima bernardes  se tiver uma tv por perto fica ligado logo mais |
|Mon Dec 22 21:36:40 +0000 2014|;|145|;|rt AT_USER vai come√ßar o encontro com f√°tima bernardes todos ligados foco for√ßa e f√© URL|
|Mon Dec 22 21:36:23 +0000 2014|;|1|;|rt AT_USER AT_USER AT_USER ol√° gostaria de sugerir a participa√ß√£o do ator e cantor arthur aguiar no encontro com f√°tima bern‚Ä¶|
|Mon Dec 22 21:31:25 +0000 2014|;|1|;|rt AT_USER amanh√£ pela rede globo depois de bem estar tem encontro com f√°tima bernardes e comigo n√£o perca|
|Mon Dec 22 21:24:09 +0000 2014|;|0|;|novo v√≠deo adicionado encontro com f√°tima bernardes do dia 22dez2014 - ast vipplus|
|Mon Dec 22 21:01:00 +0000 2014|;|0|;|no encontro a apresentadora do planetabrasil fernanda pontes lembra parto dif√≠cil mas diz amar a vida materna URL|
|Mon Dec 22 20:58:47 +0000 2014|;|0|;|comemorando 20 anos de babalu e ra√≠ let√≠cia spiller quer nova parceria com ex - not√≠cias em por tr√°s das c√¢meras URL|
|Mon Dec 22 20:39:43 +0000 2014|;|84|;|rt AT_USER e a√≠ galera quem assistiu a manu hoje no encontro com f√°tima bernardes gostaram URL|
|Mon Dec 22 20:34:19 +0000 2014|;|1|;|rt AT_USER lucas lucco ensinando arrochar no programa encontro com f√°tima bernardes URL via AT_USER|
|Mon Dec 22 20:23:22 +0000 2014|;|9|;|rt AT_USER comemorando 20 anos de babalu e ra√≠ quatro por quatro AT_USER parceria novela URL URL|
|Mon Dec 22 19:36:49 +0000 2014|;|20|;|rt AT_USER 20 anos de babalu e ra√≠ URL e AT_USER e marcello novaes continuam lindos n√© &lt3 URL|
|Mon Dec 22 19:30:51 +0000 2014|;|0|;|dia 2412 as 11hrastemos um encontro cm eles AT_USER cm a fatima bernardesespecial de natal# nao percamüòâüòò URL|
|Mon Dec 22 19:25:55 +0000 2014|;|1|;|amanh√£ pela rede globo depois de bem estar tem encontro com f√°tima bernardes e comigo n√£o perca|
|Mon Dec 22 19:24:42 +0000 2014|;|5|;|rt AT_USER a tatuagem de henna na cabe√ßa das mulheres que perderam o cabelo por causa de tratamento de c√¢ncer muito legal -&gt htt‚Ä¶|
|Mon Dec 22 18:46:42 +0000 2014|;|0|;|AT_USER AT_USER ol√° gostaria de sugerir a participa√ß√£o da AT_USER no ‚Äúencontro com f√°tima bernardes‚Äù|
|Mon Dec 22 18:14:23 +0000 2014|;|0|;|ol√° AT_USER e AT_USER gostar√≠amos de sugerir a participa√ß√£o da banda p9 no encontro com f√°tima bernardes|
|Mon Dec 22 17:57:48 +0000 2014|;|0|;|confira tudo o que rolou nos bastidores do encontro com AT_USER de hoje URL|
|Mon Dec 22 17:50:52 +0000 2014|;|0|;|eu vi ta globo AT_USER o seu encontro com a f√°tima bernardes come√ßa agora URL|
|Mon Dec 22 17:50:41 +0000 2014|;|0|;|‚ÄúAT_USER o seu encontro com a f√°tima bernardes come√ßa agora URL acho que n√£o hein|
|Mon Dec 22 17:50:11 +0000 2014|;|0|;|‚ÄúAT_USER o seu encontro com a f√°tima bernardes come√ßa agora URL atrasou|
|Mon Dec 22 17:32:13 +0000 2014|;|0|;|comemorando 20 anos de babalu e ra√≠ let√≠cia spiller quer nova parceria com ex URL programas|
|Mon Dec 22 17:28:17 +0000 2014|;|0|;|fabinho sofrecia estourou URL|
|Mon Dec 22 17:19:17 +0000 2014|;|0|;|casos de famillia &gt&gt&gt&gt&gt&gt&gt&gt&gt&gt&gt&gt&gt encontro com f√°tima bernardes|
|Mon Dec 22 17:17:00 +0000 2014|;|1|;|rt AT_USER AT_USER ol√° gostar√≠amos de sugerir a participa√ß√£o da banda fly no programa ‚Äúencontro com f√°tima bernardes‚Äù ag‚Ä¶|
|Mon Dec 22 17:15:45 +0000 2014|;|0|;|AT_USER AT_USER ol√° queremos a participa√ß√£o da cantoraatriz manu gavassi no programa encontro com f√°tima bernardes obrigada|
|Mon Dec 22 17:14:19 +0000 2014|;|2|;|rt AT_USER com edson cardoso e turma do pagode ‚Äî assistindo encontro com f√°tima bernardes|
|Mon Dec 22 16:55:39 +0000 2014|;|0|;|luana piovani pode comandar encontro nas f√©rias de f√°tima bernardes URL|
|Mon Dec 22 16:51:34 +0000 2014|;|0|;|√©pico comemorando 20 anos de babalu e ra√≠ let√≠cia spiller quer nova parceria com ex URL programas|
|Mon Dec 22 16:24:19 +0000 2014|;|100|;|rt AT_USER encontro com f√°tima bernardes URL|
|Mon Dec 22 16:20:24 +0000 2014|;|0|;|sempre q vestia blusas iguais da babalu ficava me achando rt 20 anos de babalu URL AT_USER|
|Mon Dec 22 16:04:01 +0000 2014|;|3|;|arthur participa do programa da f√°tima bernardes encontro retrospectivarbr2014 URL|
|Mon Dec 22 15:46:33 +0000 2014|;|0|;|globo 1912 bom dia sp 60 bom dia brasil 76 mais voc√™ 71 bem estar 68 encontro com f√°tima bernardes 67 sptv 106|
|Mon Dec 22 15:18:23 +0000 2014|;|1|;|rt AT_USER  os atores arthur aguiar giovanna ewbank fernanda torres e bruna ham√∫ revelam lembran√ßas que marcaram o natal http‚Ä¶|
|Mon Dec 22 15:17:42 +0000 2014|;|1|;| os atores arthur aguiar giovanna ewbank fernanda torres e bruna ham√∫ revelam lembran√ßas que marcaram o natal URL ‚Ä¶|
|Mon Dec 22 15:14:35 +0000 2014|;|0|;|os atores arthur aguiar giovanna ewbank fernanda torres e bruna ham√∫ revelam lembran√ßas que marcaram o natal URL ‚Ä¶|
|Mon Dec 22 15:07:53 +0000 2014|;|0|;|gostei de um v√≠deo AT_USER de AT_USER URL cl√°ssico analise do encontro de fatima bernardes com os otacus|
|Mon Dec 22 15:05:53 +0000 2014|;|0|;|ol√° AT_USER e AT_USER gostar√≠amos de sugerir a participa√ß√£o da AT_USER no ‚Äúencontro com f√°tima bernardes‚Äù|
|Mon Dec 22 14:42:36 +0000 2014|;|0|;|relembrando o parto de minha princesa emocionante reportagem sobre o partonormal humanizado ‚Äî assistindo encontro com f√°tima bernardes|
|Mon Dec 22 14:39:00 +0000 2014|;|21|;|rt AT_USER o nosso encontro j√° est√° marcado e s√≥ falta o convidado especial voc√™ URL|
|Mon Dec 22 14:30:49 +0000 2014|;|0|;|que lindo ) ‚Äî assistindo encontro com f√°tima bernardes|
|Mon Dec 22 14:24:25 +0000 2014|;|5|;|rt AT_USER voc√™ sabe o que √© uma doula aprenda no encontro - &gt URL|
|Mon Dec 22 14:20:24 +0000 2014|;|2|;|rt AT_USER meu amigo secreto assiste encontro com f√°tima bernardes todo dia ‚àß_‚àß (ÔΩ•œâÔΩ•) (oüéÅo) ‚à™‚à™|
|Mon Dec 22 14:15:25 +0000 2014|;|2|;|rt AT_USER sabe quanto custa anunciar no encontro com f√°tima bernardes veja URL|
|Mon Dec 22 14:14:49 +0000 2014|;|10|;|rt AT_USER mulher de marcos veras assume lugar do marido no encontro URL URL|
|Mon Dec 22 14:10:15 +0000 2014|;|0|;|valentim amanh√£ no encontro com f√°tima bernardes lembram do v√≠deo do passeio com tim tim URL|
|Mon Dec 22 14:00:43 +0000 2014|;|0|;|encontro com f√°tima bernardes oferecimento crefisa|
|Mon Dec 22 14:00:09 +0000 2014|;|2|;|meu amigo secreto assiste encontro com f√°tima bernardes todo dia ‚àß_‚àß (ÔΩ•œâÔΩ•) (oüéÅo) ‚à™‚à™|
|Mon Dec 22 13:56:30 +0000 2014|;|5|;|a tatuagem de henna na cabe√ßa das mulheres que perderam o cabelo por causa de tratamento de c√¢ncer muito legal -&gt URL|
|Mon Dec 22 13:55:42 +0000 2014|;|0|;|perdendo meu tempo assistindo encontro com f√°tima bernardes zz t√° falando sobre tatuagem de rena|
