|Thu Dec 11 23:11:56 +0000 2014|;|2|;|rt AT_USER bomba palmeiras quer expor a marca unimed em troca de ajuda para algumas contrata√ß√µes por√©m n√£o como patroc√≠nio e sim com‚Ä¶|
|Thu Dec 11 23:11:41 +0000 2014|;|0|;|da pra levar a s√©rio essa tal de flugatas o fluminense so deu adeus √† unimed e elas tao falando de crise puta que pariu|
|Thu Dec 11 23:11:35 +0000 2014|;|14|;|rt AT_USER falei com o presidente da unimed celso barros sobre o interesse do palmeiras em contar com fred e conca do flu em bre‚Ä¶|
|Thu Dec 11 23:11:18 +0000 2014|;|0|;|AT_USER a unimed seu diretor disse que ja tem acordo com palmeiras|
|Thu Dec 11 23:11:08 +0000 2014|;|363|;|rt AT_USER se o AT_USER n√£o pagou a s√©rie b nem com tanto dinheiro da unimed imagina sem agora s√≥ vai jogar no mo√ßa se paga‚Ä¶|
|Thu Dec 11 23:11:02 +0000 2014|;|2|;|bomba palmeiras quer expor a marca unimed em troca de ajuda para algumas contrata√ß√µes por√©m n√£o como patroc√≠nio e sim como um parceiro|
|Thu Dec 11 23:10:32 +0000 2014|;|0|;|quem diria  fluminense troca unimed por guaraviton |
|Thu Dec 11 23:09:51 +0000 2014|;|0|;|AT_USER unimed nunca foi patrocinadora unimed mandava no clube|
|Thu Dec 11 23:09:41 +0000 2014|;|0|;|AT_USER o brunuro deixou escapar q a unimed vai ajudar no conca e fred|
|Thu Dec 11 23:09:33 +0000 2014|;|1|;|rt AT_USER eu era do tempo em que a unimed era conhecida pelo plano de sa√∫de e patrocinadora de cluben√£o sendo conhecida por ser piv√¥‚Ä¶|
|Thu Dec 11 23:08:42 +0000 2014|;|0|;|AT_USER flu nao deve nada a unimed entre ps e cb fico com ps impossivel ser habil com cb so quer as regras dele|
|Thu Dec 11 23:07:55 +0000 2014|;|1|;|rt AT_USER AT_USER AT_USER AT_USER s√≥ se a unimed rio patrocinar um time de sp n√© o q claro faz todo sentido|
|Thu Dec 11 23:07:01 +0000 2014|;|0|;|a unimed sai o fluminense segue entrevista exclusiva de romerito ao AT_USER  URL URL|
|Thu Dec 11 23:06:49 +0000 2014|;|20|;|rt AT_USER cara ir de unimed pra viton 44 que decad√™ncia|
|Thu Dec 11 23:06:38 +0000 2014|;|295|;|rt AT_USER j√° pensou que louco a unimed fecha com a lusa|
|Thu Dec 11 23:06:35 +0000 2014|;|42|;|rt AT_USER entendam a diferen√ßa unimed termina parceria flor afunda fla termina parceria com a br petrobras afunda|
|Thu Dec 11 23:06:17 +0000 2014|;|1|;|rt AT_USER palmeiras estuda parceria com unimed para ter conca e fred - fox sports URL palmeiras|
|Thu Dec 11 23:06:14 +0000 2014|;|2|;|rt AT_USER washington sobre fim da parceria entre flu e unimed ‚Äútriste‚Äù - URL|
|Thu Dec 11 23:06:00 +0000 2014|;|8|;|rt AT_USER romerito a unimed sai o fluminense segue|
|Thu Dec 11 23:05:53 +0000 2014|;|14|;|falei com o presidente da unimed celso barros sobre o interesse do palmeiras em contar com fred e conca do flu em breve divulgo mat√©ria|
|Thu Dec 11 23:05:42 +0000 2014|;|0|;|professorjogando fluminense n√£o sofrer√° com sa√≠da da unimed a unimed √© sim √© corre grande risco de falir|
|Thu Dec 11 23:05:32 +0000 2014|;|1|;|palmeiras estuda parceria com unimed para ter conca e fred - fox sports URL palmeiras|
|Thu Dec 11 23:05:21 +0000 2014|;|38|;|rt AT_USER um dia ap√≥s sa√≠da da unimed flu anuncia novo patrocinador URL URL|
|Thu Dec 11 23:05:00 +0000 2014|;|0|;|AT_USER ainda dever√£o entrar o bradesco nas mangas e a tim nos n√∫meros vai ser mais do q a unimed nos ofereceu para 2015|
|Thu Dec 11 23:04:28 +0000 2014|;|0|;|a perda da unimed n√£o significa o fim do mundo mas pode significar o inicio de uma nova era no fluminense URL|
|Thu Dec 11 23:03:59 +0000 2014|;|5|;|rt AT_USER fred rom√°rio sheik relembre as dez grandes contrata√ß√µes da parceria unimed-fluminense URL URL|
|Thu Dec 11 23:03:57 +0000 2014|;|1|;|rt AT_USER AT_USER fluminense sem unimed tem s√≥bis fred conca j√° veio o carlinhos se fosse adalberto pegava diguinho eli‚Ä¶|
|Thu Dec 11 23:03:49 +0000 2014|;|0|;|fluminense perdeu a unimed  mas n√£o tem problema √© so entrar com recurso  chama o advogado que resolve professorjogando|
|Thu Dec 11 23:03:32 +0000 2014|;|23|;|rt AT_USER fred e conca no palmeiras e com a participa√ß√£o da unimed &gt&gt URL|
|Thu Dec 11 23:02:50 +0000 2014|;|1|;|AT_USER fluminense sem unimed tem s√≥bis fred conca j√° veio o carlinhos se fosse adalberto pegava diguinho elivelton wagner|
|Thu Dec 11 23:02:26 +0000 2014|;|0|;|AT_USER AT_USER pq pior q 2014 vai mandar mta gente pra unimed ou p funeraria|
|Thu Dec 11 23:02:08 +0000 2014|;|0|;|o fluminense anunciou a viton 44 como substituta da unimed a empresa de bebidas fechou por dois anos com o tricolor URL|
|Thu Dec 11 23:01:23 +0000 2014|;|0|;|professorjogando o casamento fluminense-unimed pode ser comparado √† palmeiras-parmalat|
|Thu Dec 11 23:01:22 +0000 2014|;|18|;|rt AT_USER mesmo sem unimed empres√°rio v√™ fred no flu ‚Äúele sempre fica‚Äù - URL|
|Thu Dec 11 23:01:02 +0000 2014|;|0|;|AT_USER AT_USER kk tenho igualzinho na minha carteira s√≥ q o meu √© unimed jundiai enfim 2015 promete para o verdao|
|Thu Dec 11 23:00:52 +0000 2014|;|1|;|juro que um tricolor acabou de passar por mim com o logotipo da unimed coberto na camisa sinal dos tempos|
|Thu Dec 11 23:00:33 +0000 2014|;|0|;|meu pau √© maior q o fluminense sem a unimed kk|
|Thu Dec 11 23:00:29 +0000 2014|;|0|;|AT_USER filho a unimed n vai deixar de pagar os jogadores com quem tem contrato at√© o final rs isso √© conca fred c√≠cero e etc|
|Thu Dec 11 23:00:18 +0000 2014|;|0|;|belo texto gustavo AT_USER minhas palavras p√≥s unimed na flupress URL|
|Thu Dec 11 22:59:59 +0000 2014|;|801|;|rt AT_USER flamengo sem cbf fluminense sem unimed sou eu assim sem voc√™ corinthians sem arbitragem s√£o paulo sem pirocagem sou eu a‚Ä¶|
|Thu Dec 11 22:59:42 +0000 2014|;|0|;|AT_USER o uniforme era t√£o lindo c a unimed üò©üò©|
|Thu Dec 11 22:59:41 +0000 2014|;|45|;|rt AT_USER meu pau √© maior que o fluminense sem a unimed|
|Thu Dec 11 22:59:27 +0000 2014|;|0|;|AT_USER AT_USER AT_USER eles achavam que o flu acabaria sem a unimed a√≠ no dia seguinte apresenta um patrocinador rs|
|Thu Dec 11 22:59:15 +0000 2014|;|0|;|escolhi meu vestido e tirei as medidas depois fui na unimed consultar|
|Thu Dec 11 22:59:08 +0000 2014|;|12|;|rt AT_USER bomba  palmeiras tem investidores ligados a unimed que querem colocar conca e fred no verd√£o a noticia e verdadeira‚Ä¶|
|Thu Dec 11 22:58:49 +0000 2014|;|0|;|AT_USER creio que n√£o faz sentido sua nota unimed rio pagando sal√°rio de jogador em equipe de sp not make sense|
|Thu Dec 11 22:58:48 +0000 2014|;|23|;|rt AT_USER unimed encerrou com o fluminense URL|
|Thu Dec 11 22:58:47 +0000 2014|;|0|;|AT_USER AT_USER AT_USER AT_USER a unimed poderia se aproveitar pra ter algo relacionado a arena marketing ou sei la|
|Thu Dec 11 22:58:37 +0000 2014|;|0|;|AT_USER pqp e esses merdas ainda ganham dinheiro pra escrever essas sandices unimed rio rio rio suas antas|
|Thu Dec 11 22:58:31 +0000 2014|;|0|;|AT_USER ja vii saiu no URL tambem mas isso nao vai acontecer eles vao entram c acao contra a unimed|
|Thu Dec 11 22:58:26 +0000 2014|;|0|;|AT_USER n√£o assim como n√£o era obrigado a ter plano unimed|
|Thu Dec 11 22:58:17 +0000 2014|;|0|;|fluminense cresceu a unimed e vai crescer a viton44 tamb√©mfoda-se os antis|
|Thu Dec 11 22:58:06 +0000 2014|;|154|;|rt AT_USER ao patrocinar o fluminense a unimed saltou da quinta empresa do ramo para a primeira viton 44 voc√™ est√° preparada par‚Ä¶|
|Thu Dec 11 22:57:20 +0000 2014|;|2|;|washington sobre fim da parceria entre flu e unimed ‚Äútriste‚Äù - URL|
|Thu Dec 11 22:56:48 +0000 2014|;|1|;|eu era do tempo em que a unimed era conhecida pelo plano de sa√∫de e patrocinadora de cluben√£o sendo conhecida por ser piv√¥ no vai e vem|
|Thu Dec 11 22:56:29 +0000 2014|;|1|;|rt AT_USER conca e fred alguma parceria com a unimed|
|Thu Dec 11 22:56:25 +0000 2014|;|11|;|rt AT_USER o s√£opaulo tambem quer o conca porem o palmeiras tem investidores ligado a unimed para tentar fechar com fred e conca ‚Ä¶|
|Thu Dec 11 22:55:37 +0000 2014|;|0|;|o cabra solta sem a unimed o flu ser√° rebaixado em 2015 eu j√° temos patroc√≠nio ele mas sem a unimed s√£o os m√©dicos que jogam|
|Thu Dec 11 22:55:24 +0000 2014|;|1|;|rt AT_USER um estudo de marketing elaborado na ocasi√£o do tetracampeonato identificou que a unimed teve retorno de cerca de htt‚Ä¶|
|Thu Dec 11 22:55:06 +0000 2014|;|1|;|conca e fred alguma parceria com a unimed|
|Thu Dec 11 22:53:54 +0000 2014|;|0|;|AT_USER AT_USER AT_USER AT_USER sim+ ele n veio por meio da unimed por isso n tinham compromisso nenhumo contrario de fred e conca|
|Thu Dec 11 22:53:27 +0000 2014|;|0|;|estou lendo esta not√≠cia no fox sports URL via AT_USER|
|Thu Dec 11 22:53:00 +0000 2014|;|36|;|rt AT_USER nos tts de ontem unimed nos de hoje fred e conca a irrita√ß√£o que o fluminense provoca √© um sintoma n√≠tido e taxativo de g‚Ä¶|
|Thu Dec 11 22:52:54 +0000 2014|;|66|;|rt AT_USER dormir com unimed e acordar com guaraviton que faase |
|Thu Dec 11 22:52:45 +0000 2014|;|46|;|rt AT_USER unimed n√£o tinha exposi√ß√£o no fluminense URL|
|Thu Dec 11 22:52:40 +0000 2014|;|1|;|rt AT_USER unimos saiu do fluminense e fechou com vasco  afinal o  melhor plano de sa√∫de √© viver  o segundo √© unimed|
|Thu Dec 11 22:51:55 +0000 2014|;|1|;|um estudo de marketing elaborado na ocasi√£o do tetracampeonato identificou que a unimed teve retorno de cerca de URL|
|Thu Dec 11 22:51:31 +0000 2014|;|2|;|rt AT_USER AT_USER vcs sao uns idiotas unimed rio em sp vao pro inferno seus jornalistas de araque aprendam a trabalhar di‚Ä¶|
|Thu Dec 11 22:51:01 +0000 2014|;|0|;|n√£o deixaram eu ficar com a minha v√≥ na unimed tnc desse povo|
|Thu Dec 11 22:50:50 +0000 2014|;|16|;|rt AT_USER rebaixada por ag√™ncia unimed deixou flu ap√≥s crise e previs√£o de d√≠vida de r$ 1 bi URL|
|Thu Dec 11 22:50:05 +0000 2014|;|0|;|nossos agradecimentos √† andreagrlenz unimed larri passos grupo da terceira idade e todos os‚Ä¶ URL|
|Thu Dec 11 22:48:50 +0000 2014|;|2|;|rt AT_USER a unimed da batista campos √© bacana √©gua mas tem um tal de dr carivaldo que eu vou te contar - pensa num bicho grosso s‚Ä¶|
|Thu Dec 11 22:48:46 +0000 2014|;|8|;|rt AT_USER palmeiras procura unimed para contratar fred e conca URL|
|Thu Dec 11 22:48:22 +0000 2014|;|11|;|rt AT_USER em um acordo entre palmeiras e unimed os sal√°rios de fred e conca seriam divididos pelas duas partes envolvidas via AT_USER|
|Thu Dec 11 22:47:23 +0000 2014|;|5|;|rt AT_USER sai a unimed entra a zoeira da galera na internet URL|
|Thu Dec 11 22:47:10 +0000 2014|;|0|;|AT_USER e a√≠ seus conca e fred com dinheiro da unimed no verd√£o ouvi isso mesmo|
|Thu Dec 11 22:47:02 +0000 2014|;|0|;|joao pedro + 1 dia na unimed macap√° sem diagnostivo certo muita dor abdominal|
|Thu Dec 11 22:46:44 +0000 2014|;|0|;|v√≠deo presidente do flu confirma acerto com novo patrocinador ap√≥s rescindir com a unimed peter siemsen pr URL|
|Thu Dec 11 22:46:15 +0000 2014|;|1|;|AT_USER AT_USER AT_USER s√≥ se a unimed rio patrocinar um time de sp n√© o q claro faz todo sentido|
|Thu Dec 11 22:45:01 +0000 2014|;|8|;|rt AT_USER sem unimed torcedores criam mutir√£o do s√≥cio futebol em rede social URL|
|Thu Dec 11 22:44:13 +0000 2014|;|0|;|AT_USER sai fora a unimed ta falida seus pau no cu|
|Thu Dec 11 22:43:47 +0000 2014|;|0|;|fluminense sem unimed √© igual a rebaixamento üòÇ|
|Thu Dec 11 22:42:11 +0000 2014|;|0|;|nomes que ouvi hoje oswaldo de oliveira fred e conca ouvi at√© dizer q vem a√≠ um patrocinio da unimed eu duvido|
